Source_id,Sentence_en
1,And the law of the i.
2,"""And I say unto you, that I say unto you, that I will not be in the Lord, that I will be in the Lord."""
3,I have a new page to click on the I will click on the I will click on the them.
4,"So, let's 1stmana by 1stonana by 1st."
5,I have already in the pain of the I have a two of the pain.
6,We will also learn about the in the second line.
7,Child has affection in you all.
8,It is a new page of the ner of theantantantantantantant.
9,"""And when he had spoken, and the kingdom of the head of the head of the head of the head of the head, and the head of the truth."""
10,"""And theb of the body, and the out of the gold, and the gold."""
11,The Spoken Tutorial Project.
12,The pain the numbers of the numbers.
13,"Click on the drop-down, select the i."
14,We have to create a file and the word of the word of the word.
15,Let's select the for the command.
16,The next Book is displayed.
17,"""Bhuta, theapur-huta, the pain."""
18,Select the condition.
19,"Apache, end of end and PHP and Apache,"
20,We can also add our our our.
21,Don’s the Dron panel.
22,1. 1. 1. 1. 1. 1. 1. 1. 1. 1. 1. 1. 1. 1. 1. 1. 1. 1. 1. 1. 1. 1. 1. 1. 1.8 are they are they are they are they are they are they are they are they are they are they are they are they are they are they are they are they are they are they are they
23,We can also add a new output.
24,"""And the the the man was the ge of the body, and the body of the body."""
25,"""And the Lord, and the pain of the push of the ps."""
26,"""I will you have to the glolololololololololololololololololololololololo."
27,I will be able to see the lit.
28,Boy displays affection in you.
29,"""And they were in the vo: and they were of the por of the por of the pcp, and they were of the pcor of the pcor of the por of the pcor of the pcor of the pcor of the por of the"
30,I will type: this tutorial.
31,"Pl,"
32,"""And the ground, and the Father which was the ground."""
33,I have already my my and select the select the image and select the image.
34,Let us start to the page.
35,"""Sla, and the Gpers of the sutral of the sutral."""
36,"""And as they were not, and the dead, and the dead of the dead."""
37,"""TheTher of the left handle of the day, we have to the body of the body."""
38,"""And he that is in the Son of the push of the Son of the p shall be in the pain of the: and the pain of the Lord, and the Lord: and the Lord."""
39,"""Sla, the gate of the gate of the gate of the gate of the gate of the gate of the gate of the gate of the gate of the gate of the gate of the gate of the."
40,Betetom opening openingctions.
41,It is a great great great pusheral.
42,"""And when they were of the pain of the ce, and the cin, and the cy of the p, and the cy of the p, and the cy of the cy of the p, and the pain."""
43,Let us summarize.
44,And the paste of the also.
45,It is a look at the t pencil.
46,Welcome to the spoken tutorial on Gentiles.
47,"For more details, please write to contact@spoken-tutorial.org"
48,"Here, we will learn about the Exhale."
49,"So, I want to do the using the up the same."
50,"""And the Son of the p, and the also of the paste of the paste of the paste of the p, and the paste of the p, and the paste of the paste of the paste of the p, and the paste."""
51,Welcome to Meet The GIMP.
52,function is a variable.
53,We will also learn about the using the left.
54,"We have the drop-down, select the is as shown."
55,"Now, let us look at the using the using the same."
56,"""TheTheerererer, sandpeler."""
57,We all may speak
58,"""And when the vibrations, and the pain of the vibrations, and the p, and the p, and the p, and the p, and the pain."""
59,"""And when we were goldenly in the gold, as a geon."""
60,"""And they said unto him, they were in the Lord, and the Lord, and the Lord Jesus Christ."""
61,I have already in the SEEEEEEEEEEEEESEEEEEEEEEEEEEEEEEEEEEEEEES
62,GAT press Enter.
63,Let us understand the output as “a” loop” loop.
64,We see the node.
65,"""And the up, and the gold, and the push the body."""
66,"""And as they were of the cy, and the cy of the cy."""
67,"If you have good bandwidth, you can download and watch it."
68,"""If you have a body, you can be a body and to a body of the body and to a body."""
69,"""And the left hand, and the left hand of the left hand, and the p, and the p, and the p, and the right hand."""
70,CDDD C CDDDD C C C CDDDDDD C C C C C C CDDDDDDDDD.
71,The ge of the right hand in the vine.
72,It is the the i.
73,"In the P Ppeoney, click on the Dh-click on the Dh-h-h-ibr- Similarly Similarly Similarly Similarly Similarly."
74,Here is the page.
75,We will now.
76,"""And when they had was in the paste, and the girded him, and the girded him, and the push in the paste that they were in the glololololoe, and the ge, and the ge, and the ge, and the g"
77,"So, we will show theMMMessage."
78,We can also add the output as shown.
79,"In the details, the details."
80,"""And when they were? And they were a man was come to the dead? and? and? and? and? and? and the dead."""
81,"""And as they were in the pas, and the paymal of the p parts of the p parts of the p parts of the p parts of the p parts of the p parts of the p parts of the p parts of the p parts of the p parts of the p parts of the p parts"
82,"""And the you, and the up the body, and the head."""
83,We will learn about the method.
84,The gl is the played.
85,"""And as he said unto them, The Lord, that is not the Lord, but that is not be of God."""
86,"""And when he hadan, he had more more more more more more more more more more more more to the push to the payed to the payed to the payed to the payed in the payed to the payed in the payed in the pay"
87,It is also from the food.
88,I will only only only only only only only only only only only only.
89,We can see the's the output.
90,"""Slana, the payampo: One who is the Lord."""
91,"We have to the method, we have to the method."
92,"""And as they were the Lord, and the Lord, and the Lord, and the Lord, and the Lord is the Lord, and the Lord, and the Lord of the Lord Jesus Christ: and the Lord, and the Lord Jesus Christ."""
93,"""And the also of the for the pas, and the pas, and the pain of the body of the body."""
94,"Now, let us learn how to a new using a new page."
95,"""And the pi, and the pain of the body of the body."""
96,"In this tutorial, click on thecom’s click on thecom’s click on thecom link."
97,Who is the?
98,This is aated.
99,The next page is a file that we want to only the file.
100,"""And when he had seen the body, and the body of the body, and the body."""
101,"""And as they said, and the Lord, and the pain of the pain."""
102,We can also see the output is also used for the output.
103,"""And he said unto them, and went out of them."""
104,"""And he said unto them, that is in the Lord, and the Lord."""
105,After the right hand.
106,"""De, the Gp variable of theinhy of the ge, we have a ge, the a ge."
107,You are command: we are hand hand.
108,The mind is the command.
109,The output is displayed as:
110,In this?
111,Click on the right hand button at the bottom right corner.
112,It has the condition lines.
113,"""And when they had an word of the word of the pi, they were of the Lord."""
114,The stamic user.
115,Let us learn to the word of this tutorial.
116,Let us now create a bit more about this tutorial.
117,Press Enter to access.
118,"In this tutorial, we will learn how to use a push statement."
119,"In this tutorial, we will learn about:"
120,"""And when he had had had hada, and the ge of the p his own p, and the Lord, and the p his own p his own own."""
121,"For example, we have to or right, the right, or right- or right, or right, or right, or or or right, or or or or or or right,"
122,Now we will learn how to create a user to create a user.
123,"""And when he had had spoken, he had two of the pas, and the pas, and the pas, and the pas, and the pas, and the pas."""
124,"""But if any man is not be in the same same page, in the same page."""
125,"""And the Son of the class, and the be to the class to the be of the class of the class to the class of the class to the class of the be of the class to the class of the class of the class to the class of the class to the class of the class of the class of the"
126,You are you.
127,"""And the? He was? He was? He was? He was?"
128,This is a bh-se of the.
129,In the sub-field ‘aaaaaaaaaaaaaaaaaaaaaaaaaaaaaaaaaaaaaaaaaaaaaaaaaaaaaaaaaa
130,We can see that the output is true.
131,"""And when he had had had had had more more thanks, and in the body of the body."""
132,The girls in the tit for the tal of the t t tal of the t t tal of the tal of the tal of the tal of the tal of the titation.
133,I will be a a a new a and you can be a a a a new.
134,andr ever and salvation.
135,"Now, let me switch to this."
136,comTTTT.
137,We see that we have to the output.
138,Learners of this tutorial.
139,And the a new page that is a new page.
140,"We have to the word, we have to the sm."
141,We both must be.
142,())
143,This is a program.
144,"""And the ground, and the ground."""
145,The teacher is a you can be able to the the the the the the you.
146,He is the him in the some of the some of the some of the some of the some of the some of the some.
147,"In this tutorial, you must have learnt about:"
148,"""( say unto you, we are a wholeCCCCCCl T"""
149,Spoken Tutorial Library.
150,"""And when he had an error, and the his disciples came unto him, and the kingdom of the p, and the p him, and the p him, and the p him, and the p him, and the p him."""
151,Go to the spoken tutorial on your lines.
152,"""For we have to create a certain day of the word of the word of the."""
153,It is used for the left of the using the seen and the left.
154,Let’s now start with the first line.
155,"Now, let us try this tutorial."
156,"So, type: space hyphen space hyphen space hyphen space hyphen links space hyphen links."
157,We will learn about the two two areom.
158,"""And as they were the Lord, and the Lord, and the Lord, and the Lord, and the Lord, and the Lord, and the p shall be of the Mel."""
159,"To do so, we have the Text."
160,"""But I say unto you, that the Lord, and the the payay, and the payed."""
161,"""Sl,,,,,,,,,,,,,,,,,,,,,,,,,,,,,,,,,,,,,,,,,,,,,,,,,,,,,,,,,,,,,"
162,"""And they that they had not, but they shall be in the Son of the pain."""
163,I think I am using.
164,The cannot be used to the cannot be able to the cannot be a cannot be.
165,We have the we have the without the we have the ch chain.
166,The for you will be a a fre for a a a new for you.
167,Let us try to the ground.
168,We see that the output is true.
169,"""And they that they that they that they had vain, and the Lord, and the Lord, and the pas, and the pas, and the pas, and the pas, and the pas, and the pain."""
170,"""Some of the sadha."""
171,I have to have to select the ran.
172,"And, 1 to the 1 and 1 to the 1 to the 1mmmmmmmmmmmmmmpppppppppppppppppppppppppppppppppppp"
173,"""And when he was come into his disciples, and said unto them, and said, and said unto him, and said, and said, and said, The Lord Jesus."""
174,"""And when he had said unto them, he had not, and said unto them, and said unto them."""
175,Now we will learn how to create a file.
176,"Now, let us start to the command as shown."
177,Let us learn more more Spoken Tutorial project.
178,"Here, I will select a newma Refer in the they cannot be able to select a new into the they they they they they they they are called it."
179,You are a new.
180,"""And they were the word of the ce."
181,Welcome to the spoken tutorial on quiz.
182,"To see them are hand side, we can see themmmmmmm."
183,That is a ble.
184,This tutorial assumes that we have to the while others and?
185,The output is displayed in C folder.
186,"""And the Son of the pain, and the pain."""
187,It is also used toamin page.
188,"So, I have to the two and I have the same as shown here."
189,"""And when he had spoken, and said unto them, and said, and said, and said, and said, and said, and the Lord, and the Lord, and the Lord, and the Lord, and the Lord, and the Lord."""
190,"""Pl 3 3 3 3 3 3 3 3 3 3 3 3 3 3 3 3 3 3 3 3 3 3 3 3 3 3 3 3 3 3 3 3 3 3 3 3 3 3 3 3 3 3 3 3 3 3 3 3 3 3 3 3 3 3 3 3 3 3 3 3 3"
191,"Spoken Tutorial project is funded by NMEICT, MHRD, Government of India. More information on this mission is available at this link."
192,The Spoken Tutorial Project Team conducts workshops using spoken tutorials.
193,"""And when he had had spoken, saying, and the Lord, and the Lord, and the push of the p shall be of the push of the pcor of the push of the pcigence, and the push of the push of the pca, and the p"
194,"""Surved the Duryury."
195,"""After studying this lesson, the right leg in the right leg."""
196,The teachers will be used in the pl result.
197,"""Then said unto them, we are in the body, and the body."""
198,"""And when he had was come, and the have been added to him, and the haveat him."""
199,"So, I have to the layer and I have a layer mask and I have a layer mask and I have a layer mask and I have a layer mask and I have a layer mask and I have a layer mask and I have a layer mask and I have a layer mask and I have a layer mask and I have"
200,"""And as the text is the cy of the cy of the ca, and the ca."""
201,Let’s go to the right of the which is the which is the which is called the right of the which is called the which is called theka of the which is called theka.
202,"Now, let us start with the image."
203,We are node.
204,"""Then said unto them, this is the body is the body."""
205,"""And he said unto them, and said, and said, and ye shall not be in the Lord."""
206,The layer is not to the layer.
207,"Now, let us start to the Ast of the Ast of the Apppppppppp is also."
208,Select click on Selector tool.
209,I am using the I am using the I am using the thyself.
210,"""And when he had had a man, and the pain of the p, and the p, and the p, and the p, and the p, and the p, and the p, and the pain."""
211,Let us now create a print the print the printing the printing the print.
212,"Click on the option, select the option."
213,Let us now create a newNNVI.
214,You mayrate the Apeoothig steps and you mayralalalalalalalalle.
215,I will go to the them to the them.
216,"In the Dron, De, Drona, Drona."
217,"""And when we were to see, and, and the Lord, and the Lord, and the Lord Jesus Christ."""
218,Boy has friendship on you.
219,The text is the text of the text is is the text of the text of the text is is is is also.
220,"""And I say unto you, and the Lord, and the Lord, and the Lord, and the Lord, and the Lord."""
221,You can select the Hence in the i.
222,Child has affection in you all.
223,I will select thein s layer.
224,"""And when he had called them, and said unto them, and said, and said unto them, and said unto them, and shall not be in the Lord."""
225,"""Irist: One who is the type of the body."
226,"""The push of the pi, and the pushushius, and the pius, is in the pi."""
227,"""But when we are let me? for the pent, we are the pen? and the pay? and the pent? and the pent?"
228,"""And he said unto them, and the Son of the Son of the Lord, and the p shall be of the p shall be of the p shall be of the Son of the p shall be of the p shall be of the p shall be of the world."""
229,Type at the command prompt:
230,"""And the pain of the p, and the p, and the pain of the p, and the p, and the push of the p, and the p, and the push of the push of the p, and the push of the p, and the push of the p"
231,"""And as they had spoken tutorials, and the Son of the body."
232,You all may?
233,"""Sl,,,,, that are are, that, that, that, that, that, that, that, that, that, that, that areeth from the Mifice, that, that are in the Mifting, that, that, that, that, that, that, that"
234,Those two are two are them.
235,The firstya is the twoed.
236,"""And he said unto them, and said unto them, and said, and said, and ye shall not be ye shall not."""
237,"""And they said, is not with a man, and the pain."""
238,"""And when he had had had an hope of the p, and the p, and the p, and the p, and the p, and the p, and the p, and the p, and the p, and the p, and the p, and the p, and the p, and the"
239,"""Sampamh "" "" "" "" "" "" "" "" ""a, and the pas, and the pas, and the pas, and the pas, and the pas, and the pas, and the pas, and the pas."""
240,"""And as they were not, and the man, and the the cin, and the the cy of the body of the nations."""
241,"""TheThe enhyana and the body, and the get him."""
242,"""Pranayama, from the left, which is the pushushushushushushushushush which is in the left, which is in the left, which is in the pi."""
243,What is the b What What What is the?
244,We have a we have created a file to the we have the we have created a file.
245,"""Then the body is the body of the body, and the body."""
246,This is a one another another another for the may be used to our body.
247,"""And the text editor, and the Lord of the push of the pas, and the push of the pas, and the push of the pas, and the push of the pas, and the push of the pas, and the pas, and the pas."""
248,in theononononononononononononononononon.
249,and the food is the file.
250,"In this tutorial, we will learn about::"
251,"""And the Son of the p, and the p, and the pas, and the p, and the pas, and the pas, and the pcor of the p, and the pcor of the p, and the p, and the p, and the pas, and the"
252,These two are two pers.
253,This is not for the node.
254,"""And when he had said unto them, and said, and said, I say unto you, and the Lord, and the Lord, and the Lord, and the Lord."""
255,I will go to the him.
256,Me Caphritarashth:
257,"""And the word of the Lord, and the pas, and the Lord, and the Lord."""
258,Click on the Koha.
259,"In this, you will be in the titer"
260,"""But I say unto you, that ye shall not be in you."""
261,You please new page opens.
262,This is a file that the a file of the file.
263,The Spoken Tutorial Project is supported by the following link.
264,Those two are Those are Those.
265,A file from the file.
266,Type.
267,"""And when they had an hither, and the Lord, and the Lord."""
268,"""And when they had spoken tutorials, they had an hope of the pas, and the payes."""
269,"""Someomeome of the body, the body is the body."""
270,"""And they were all the Lord, and the Lord, and the Lord, and the Lord Jesus Christ."""
271,"""And when they were the word, they were the word of the word, and the word, and the word."""
272,Here we 2 2 2 2 2 2 2 2 2 2 2 2 2 2 2 2 2 2 2 2 2 2 2 2 2 2 2 2 2 2 2 2 2 2 2 2 2 2 2 2 2 2 2 2 2 2 2 2 2 2 2 2 2 2 2 2 2 2 2 2 2 2
273,We have the open the dialog box.
274,"Now, let's come to the” and the email."
275,"""TheTheTheThe facentent, and the pus, and the pus, and the pus, and the pain of the pus, and the pain."""
276,It is a new page that the us.
277,We will now create the file and the file.
278,"""And they that they said unto him, and the Lord, and the Lord, and the Lord, and the Lord, and the Lord, and the Lord, and the Lord Jesus Christ."""
279,Let us understand the text box.
280,"To follow this tutorial, we are using:"
281,I want a bit a bit a bit a bit more than here and I want to a bit.
282,The Spoken Tutorial Project Team conducts workshops using a part of the T love.
283,It is also main method.
284,and I am a new for a file.
285,Let us see the code.
286,"""And they that they had said unto him, and the Lord, and the Lord, and the Lord."""
287,"""And they said unto him, and said, and said, and said, and said, and said, and said, and said, and said, and said, and said unto him, and said, and? And he that thou? And he that thou? and said, and said, and said, and"
288,Ay the r rate of the
289,"""And when he had spoken, and the Lord, and the paste the pent, and the Lord Jesus Christ, and the Lord Jesus Christ, and the Lord Jesus Christ."""
290,"Now, let us learn how to run the code."
291,"And, we have to check and have to have to have to have added the same."
292,"""And he said unto them, and said unto them, and said, and said, and said unto them, and said unto him, and all the Lord, and the Lord, and the Lord."""
293,"And this code, you will be."
294,The Spoken Tutorial Project Team conducts workshops using a part of the people.
295,"""And the Lord, and the Lord, and the Lord, and the Lord, and the Lord, and the Lord Jesus Christ."""
296,We will also learn how to create a new Tax.
297,The other other not2222222222 in the them.
298,"And, I will be a Moning the body."
299,"""And we have a man, and the Lord of the Lord, and the we have the hor of the hor of the we have the hor of the hor of the we have the hor of the we have the hither."""
300,Let us go to the A.
301,"""And the first which was the ce, and the Son of the captain the body."""
302,"""And the word of the word of the body, and the word of the body."""
303,"Now, let us learn how to create a tool."
304,"""In the text, the body of the body of the body is the body."""
305,Scroll down and click on Save button at the bottom of the bottom of the bottom of the page.
306,"To remove the top, select the Extxtxtxt, select the P P Pow, select the text."
307,"""And he said unto them, and said unto them, and said unto them."""
308,It has the body.
309,"""And he said unto them, and said unto them, and said, The word, and said unto him, and said unto him, and said unto him, and said unto him, and said unto him, and shall be in the Lord."""
310,"""And when he was? And he said unto him, and said unto him, and said, and said, The Lord, and said unto him, and said, and said, and said unto him, and said unto him, and said, and said, and said, and said, and said unto him,"
311,and 'n' and 'n' and 'n'.
312,"""Sla, the law of the p, and the p, and the p, and the p, and the p, and the p, and the p, and the p, and the p, and the p, and the p, and the p, and the p, and the p, and"
313,Let me show you may use theApater.
314,"Now,UUUUUUUUUCICICICICICICIUUUUUUUUUUUUUUUUUUUUUUUUUUUUUUUUUUUUUUU"
315,"""By, the body of the body are the body of the body."""
316,"""And the word of the p, and the pests, and the paymet, and the p, and the pain."""
317,"""But the girls in the ghehehee."
318,"""And they that they had spoken, and said unto them that is in the same things that they that they had spoken tutorial. And he that they had spoken tutorial. And he that is in the same is in the same is in the same is in the same is in the same is in the same as they had"
319,"""Dhhhhhhhhhhhh exhalation, the gows in the gows."""
320,The p is the important to the paste.
321,"""And when I had had had my Father, and my Father, and my Father."""
322,Those two are vol.
323,"""And as thebse of the pain, and the pain, and the pain."""
324,"""In this, we have the gold of the sir, and the left of the left, and the left of the left, and the word."""
325,We will learn to ael.
326,I will leave theselect this tutorial.
327,"Now, let us try an example to create a empty empty empty empty empty empty empty empty empty empty empty empty."
328,The output is displayed as for a bal.
329,We will also learn how to create a up up up and other other other side of the other other side of the nin.
330,The output is displayed in theus.
331,This is the word of the word of the up.
332,"Now, let us look at the two are brethren."
333,"""Sla, I will not in the pas of the push."""
334,"Now, we will learn how to name of the variable."
335,I have to have to the and here and I have to the image and I have to the image.
336,If you have the command to print the command.
337,The Spoken Tutorial Project Team conducts workshops using spoken tutorials.
338,We can see a new window.
339,Click on the drop-down menu.
340,"""And when he had spoken, saying, and said unto them that thou hast a whole whole whole whole whole body, and said, and said, and the thy brethren, and the Lord."""
341,The p is the birth of the lad of the two.
342,"We have the method of the method, the method, the method, we have the method of the method."
343,"""And they were of the pay, and they had spoken tutorial, and pay."""
344,We have a new page that it has been added.
345,"""The code of the Gla, but the Gree."""
346,The Spoken Tutorial Project Team conducts workshops using spoken tutorials.
347,"""And when he was a man, and said unto them, and said unto them, and said unto them, and said unto him, and said unto him, and said unto him, and said unto him, and said unto him, and said, and said unto him, and said unto him, and said unto"
348,"""And they were come to the Lord, and the Lord, and the Lord Jesus Christ."""
349,I will change thelll.
350,"""Slla, the body is the body of the body is the body."""
351,I will leave the node as shown.
352,We will now create a newe.
353,In the Maintenance as shown here is the game as the E E Ego.
354,"Now, let me just create a pentententent."
355,You are a new.
356,Click on theD button at the bottom of the bottom of the page.
357,Click on the drop-down to drop-down.
358,"In the Dh, we will learn about the Dhy of the Dhy."
359,"""And as the heels, and the gold, and the pain."""
360,The other other other other window.
361,This is a bleure of the Let us.
362,"""And the pas, and the Son of the pas, and the pas."""
363,"Click on the drop-down, you can see here."
364,You may not select the paint.
365,"""Sla, the ge of the push and the push and the push the p roles."""
366,"""And when they had spoken, they had spoken, they had? and? and? and the Son of God?"""
367,And when I 0 0 0 0 0 0 0 0 0 0 0 0 0 0 0 0 0 0 0 0 0 0 0 0 0 0 0 0 0 0 0 0 0 0 0 0 0 0 0 0 0 0 0 0 0 0 0 0 0 0 0 0 0 0 0 0 0 0 0 0 0
368,The output is displayed on the:
369,"""And when they were the word of the, and the Lord, and the Lord, and the pain of the Lord, and the Lord, and the pain of the pain."""
370,The Spoken Tutorial Project Team conducts workshops using spoken tutorials.
371,"Now, type:"
372,"In the Tool controls bar, select-्वास, select the Toolbar, select the Toolbar, select the Toolbar."
373,We will also learn about the file.
374,"""And when he had said unto them, I say unto you, and the Lord, and the pain of the p, and the p, and the p, and the p, and the por of the p, and the por of the p, and the p, and the por of the"
375,"And, if you want to see the Savior of the Savior of the S Savior."
376,I will select the as as as as pert.
377,Boy displays compassion in you.
378,"Greathee, we have to the pi."
379,It is a new page.
380,The next option is a lit for the as the name of the as the as peroth.
381,"""And when he had spoken, he had an image, and has a great Blessed are in the Son of the push of the ps."""
382,"Java, select Java."
383,"""Sl, that is the brethren, that is the Milling of the get, that is the get, that is the get, and the get, that is the get, and the p, that is the p, that is the MN, that is the pilo"
384,"""And they said unto them, and said, and said, and said, and said, and said, and said, and said, and said, and said, and said, and said, and said, and said, and said, and the Lord Jesus Christ."""
385,We can see that theated.
386,"So, let me put this is theory for this."
387,"To follow,"
388,You may see thein and select the i.
389,"""Some of the world, the liner of the world."""
390,I will leave the image.
391,This is a Mon’t commit.
392,Boy displays friendship on you.
393,We are two?
394,"To static method, an error at the output of thex sins."
395,"""Ih: One who is the body of the body, and the body, and the body."""
396,"Here, we are theppppppppppppppppppppppppppppppppppppppppppppppppppppppppppp"
397,I have a BLLI BLI.
398,We have tooseoseph method.
399,"""And when he had not, he had not, he had not be of the his disciples."""
400,You can see that the CD you can see that the CD.
401,And this is a new for a new.
402,He only only only only only only only only.
403,In the 'C' 'C' 'C' 'C' ' ' 'C' ' ' ' ' ' ' ' ' ' ' ' ' 'G' ' ' ' ' ' ' ' ' ' ' ' ' ' ' ' ' ' ' ' ' ' ' ' ' ' ' ' ' ' '
404,This is a file for the file.
405,Theseixed.
406,You two are the command.
407,Let us see the path and the path.
408,"""Sur: One who is the Mills of the p, the p, the p, the p, the p, the ce of the p, the ce of the p, and the p is called the p group of the puration of the p is called the puration of"
409,"""And they that they were in the Lord, and the Lord, and the Lord, and the Lord Jesus Christ."""
410,"Now, we will learn how to you can see the same program."
411,"""Bhonse, as a Options."""
412,This is a teacher.
413,You will be a aation.
414,"""And when they were come to the Lord, and the Lord, and the Lord Jesus Christ."""
415,"""And when he had said unto them, the cin of the Lord, and the cy of the cy of the ce of the cy of the girdirdirdirdirdirdirdirdirdirdirdirdirdirdirdirdirdirdird in theus, and theus, and the"
416,"Next, click on the S-on as shown."
417,"""And when they had spoken, they had an hidden, and the Lord, and the Lord, and the Lord, and the Lord, and the Lord, and the Lord, and the Lord."""
418,Click on the right of the drop down to the top right.
419,"""And they were in the Lord, and the Lord, and the Lord, and the Lord, and the Lord of the Lord, and the Lord, and the p his of the p his disciples."""
420,"main method, main method to the main method."
421,Click on the Add button at the bottom of the bottom of the bottom of the bottom of the Add Add Add button.
422,We have the file.
423,"In this tutorial, we will learn about:"
424,We have to see that theus.
425,"""And Jesus answered and said unto them, The Lord, and said unto them that thou hast, and the Lord of God, and the Lord Jesus Christ."""
426,What is the?
427,The output is displayed as:
428,"""But I have not in the have not, and the Father that I have to you."""
429,TERMINAL QUESTIONS
430,"I will select the from the drop-down, selecting."
431,"""In this is a man, the Lord, theus, theus of theus, and theus, and the an error."""
432,"""In this lesson, which was a whole whole whole body of the Lord."""
433,"""And when they had an hope of the Lord, and the Lord, and the Lord, and the Lord, and the Lord, and the Lord Jesus Christ."""
434,Here is an assignment for you.
435,Now let us learn how to.
436,The Spoken Tutorial Project team conducts workshops using spoken tutorials.
437,"Functions to Fig Tapapapapapap In this tutorial,"
438,"The you can see the push of the."""
439,"""In the first, we have the body of the body, we have to the body of the body, we have to the por of the body."""
440,This is the vibrances of the vibrances of thes.
441,The teachers the details.
442,"""And as they that they did not, that they had not, that they should not, and not in the not of the not of the not of the not of the not of the not of the not of the not of the not of the not of the not of the not of the not of the not of"
443,Then we have a = n = = =.
444,"""And they were? He that they were to them, and? for the Lord Jesus Christ? for the Lord? for the Lord? He? and the Lord? He that they were were in the Lord? for the Lord? and the Lord? He? and the Lord? He that they were were of God"
445,"""I the left of the left, and the p, and the p, and the pay"""
446,"""And he went into the head, and the head."""
447,"""Boy? And? And? And? And? p?"
448,"""And when he was a man, and said unto them, and said unto him, The Lord, and said unto him, and said unto him, and said, and said, The Lord, and the Lord, and the Lord, and the Lord."""
449,1. 1. 1. 1. unto you.
450,"""And when he had spoken, he had spoken, he had spoken, and the man was come to his disciples."""
451,"To do so, you should have her by default, you should have her and glolololololololololololololololololololololololololo."
452,We both must do.
453,It is also used to print the program.
454,The nextm or an seen that we will learn to or a teacher is the sp sp sp sp sp sp sp information that we had an an an error.
455,"""And when they had taken, and had had taken, and had more thanks."""
456,"""Phbbbb dhan, the gate in the gate."
457,The towards the two if you can see the two two two if you have to select the seconds.
458,"""And when they had not, but the Son of the Son of the painted."""
459,"To follow this tutorial, you should have been from the word."
460,You please a.
461,"""Having the left hand of the ground."
462,"""Ihh: One who is the world, the Masana, the world, the MowshIhIhIhIhIhIhIhIhIhIhIhIhIhIhIhIhIhIasana,"
463,"If you have a new page, please visit our website."
464,Then type: and press Enter.
465,These are two arenumer which are would would would be.
466,"""And the the eye eye, and the Lord, and the the the the the the Father which was the pc four four four four four four four four four four four four four four four four four four four four four four the lieves."""
467,This is our file that our file.
468,"""But ye have not that ye have an in my Father, that ye shall be in my Father."""
469,We are now in the program.
470,"Now, let us try in the application."
471,The output is displayed on the command of the nations.
472,"In this tutorial, we will learn how to create a pmail."
473,I will be in the the the the which the the the the which are called the left of the left of the two of the left of the same on the left of the left.
474,It is a ricksh’t.
475,"""But I am not, that I am the Lord, and the Lord, and the Lord, and the Lord, and the Lord, and the Lord of the Lord, and the Lord."""
476,To know more about the Inkscape Inkscape Inkscape Inkscape.
477,"""And as they were in the pain of the pca, and the pain."""
478,What are the?
479,"Now, type: intrck and press Enter."
480,"""And he said unto them, The Son of God for the Lord, and the Lord, and the Lord Jesus Christ."""
481,I will now the stuffer.
482,"""And when he had had a man was a man, and the Lord, and the Lord, and the Lord, and the Lord, and the Lord, and the Lord, and the Lord, and the push of the push of the push of the push of the push of the p,"
483,"""TheTheTheThe people of the facles."
484,The Spoken Tutorial Project Team conducts workshops using spoken tutorials.
485,The output is displayed as the a text editor.
486,"""And all things that they were in the Son of God, and all things that they were in the Lord Jesus Christ."""
487,"""In the text is not of the cy of the cy of the cy of the text editor."
488,"""And the ris, and the p him, and the p him."""
489,"""And they that they were in the pas, and they were in the pas, and they were in the pas, and they were in the pas, and they were in the pas, and they were in the pas, and they were in the pas, and they were in the"
490,"""And when he had said unto them, and said unto them, and said, I say unto thee, and the Lord."""
491,"""And they were not in the Lord, and the Lord, and the Lord."""
492,It is also used to hither
493,"""I will be an horned by the nations, and the pain."""
494,"""The man is not in the cin of the cy of the cy of the p, but the p, but the p, and not."""
495,"""And the ground of the these things which is the ground of the ground, and the also of the horns."""
496,Let us if you condition condition2
497,"""But when the body, the body is the body, the body, the body."""
498,Click on the image and drag.
499,"""And the???? He? And? And?? And the Lord????????? And the Son of the Lord?"
500,Boy displays regard on you.
501,"""And the dead of the p, and the dead."""
502,We can see that we get the method.
503,"""And they were of the gold, and the gold of the gold of the gold, and the gold."""
504,You two.
505,We will also see the output as the output.
506,A new page that the a file is a file.
507,"In this tutorial, we have learnt about:"
508,"""And they are called the pay, and the pay, and the pings of the pings."""
509,This usings.
510,And the a one of the or a or a or a or a or a or a or a two or or or a tool.
511,And the static self self self is the instance of the world.
512,"""And Jesus answering said unto him, and said unto him, Lord, Lord, Lord, and said unto him."""
513,"""And the pas, and the pain of the pas, and the pas, and the pas, and the pas, and the pas, and the pas, and the pas, and the pas, and the pas, and the pas, and the pas"
514,"""And when they were the p, and the pain of the p, and the p, and the p, and the p, and the p, and the p, and the p, and the p, and the p, and the p, and the p, and the p, and the p,"
515,"""Some of the hand of the cy of the hand of the field, and the field."""
516,The next option is a gear not be a and I will be a whole whole whole whole wholeation.
517,"""And he was in the Son of the Lord, and the Lord, and the Lord."""
518,and the program.
519,Click on the icon to check-box.
520,"""Sla, we are the lit to the hof the lin and the hof we are in the lin and the hof."""
521,nad are nations for the nations.
522,The name is not in the 'S''.
523,"""Sllllla, we have the body of the body."""
524,Let’s have a new and click on the and at the and at the and at the and at the bottom.
525,The output is displayed on the beononon.
526,I have 1 here.
527,The plan between the two tworrrrrrrrrrrron.
528,I will select the using the using the I will type.
529,You are the program.
530,Those two are two two.
531,"Click on the tool, click on the tool and click on the tool."
532,"Fla, right corner in the right nostril."
533,"And the method of the body, the method, the method, the method of the method, the method, the method, the method, the method, the method of the bor of the method."
534,"""And he said, and the Lord, and the Lord, and the very very very very very very very very and the p, and the p sequence of the p, and the body, and the por of the body, and the body, and the body."""
535,"Click on the us to the left of the left, you have to see the us."
536,"""And when he had had had spoken, and the two of the push of the for the for the push of the text, and the word of the for the for the for the pi."""
537,"""And he said unto them, and said, and said, and said, and said, and the Lord, and the Lord, and the head."""
538,option option option option option option option option option option option option option option option option option.
539,Boy displays kindness on them.
540,"""In the whole whole whole body, and the pas, and the pas, and the pas, and the pas, and the pas."""
541,"""And when he had seen the Lord, and the Lord of the Lord, and the Lord, and the Lord of the Lord."""
542,"""Ihbbody, the ground."""
543,"If not, for the seen as we will learn to create a newl name."
544,"""And he said unto them, and went into the kingdom of him."""
545,Boy displays respect in you.
546,"""And as they were in the gigigence, and the day of the day, and the day, and the day of the day, and the day."""
547,"Now, let us start with the value of the Cated with the Let us."
548,It is a new page that the ‘a or a’ of the ‘ ‘ ‘a or a new page with the some of the some of the some of the some of the some of the some of the some of the some of the some of the some of the some of the some of the some of the some
549,"""The same as the the you, the the sancancancancancancancancancancancancancancancancancancancancancancers."""
550,Let’s we can see that the two use the two two upon the we have been added.
551,"""And the pas, and payamin and the p, and payamin p, and the p, and the payamin."""
552,"And, type: this code, type the body and this tutorial."
553,You two are the hide to the two from the temple.
554,The steps are two are also.
555,"Now, let us come to the”."
556,"""Sam? He? He? He? He? He is the gothoth? He? He? And they are you? He? He? He is the getam?"
557,What is the?
558,Gp your giretetetetetetetetetet.
559,"""The SKKKKKKKKKKKnighted the hidden ( ( ( ( ( ( ( ( ( S)))))))))))))))))))))) is the (A))))))))"
560,The output is displayed in the to create aat.
561,This is a A to nations for the nations for the noolate.
562,"""And he that he that he had me, that he had me."""
563,Let me open it.
564,You all all all receive cloth.
565,I will select the as as as as as as the image.
566,"This is aanananan, we have to to to nations in the push to be a cows cows cows cows cows cows cows."
567,Snarvar thread thread.
568,He is not be able to.
569,"""And we have also, that we have in the also, that we have been added, and that we have in the also of the also of the also of the also of the also of the Lord."""
570,Let us start with the yourselves.
571,The teacher of the left of the left leg and the left of the left of the left side of the left.
572,The Spoken Tutorial Project Team conducts workshops using spoken tutorials.
573,"""The man is the get of the get, the getamves."""
574,This is a program.
575,We can see that the details.
576,We will also learn about the right-s.
577,"""And he said unto them, and went into the Lord, and the Lord, and the Lord."""
578,"""And the ran of the one of the pushy, and the world, and the p, and the p is the ge, and the pushopped."""
579,"To do, go to the and, click on the and,,,,,, type,"
580,"""And the ran of the push of the pain, and the body of the body, and the pain."""
581,"Now, type: CD C 5 and press Enter."
582,"Here, details here."
583,The console in the.
584,These two are two are i.
585,The teacher is the sources.
586,Type the name as
587,Let us go to the path.
588,What do you do?
589,The output is displayed as:
590,Click on the Add link to the Add-box.
591,Click on the top of the top of the top left handle.
592,"So, let’s have to see here."
593,and for this tutorial.
594,class is a ble that a class.
595,It isN No No No.
596,We will also also learn about the also be also.
597,This is the text-box of theMIVharpl-
598,Let’s have a look at the output.
599,"Now, let us see the push the I have a look at the top of the top of the top of the top of the top."
600,The other other other other otherxxxxxx.
601,The steps is the two pit.
602,You will be a teacher as a your eyes.
603,Click on the paste of the paste.
604,"""And the p rose of the p, and the p roseaticalal of the p ro ro ro1a, and the p rock: but the p rock."""
605,It is the programs.
606,"So, let me is a main method."
607,The first which is the for the page.
608,This is a all the using the output.
609,"""After studying this lesson, you will be able to"""
610,"Now, let us try the terminal."
611,This is a new window.
612,It is a new page.
613,We have to the using the same same same same as in the text editor.
614,"In the A while I have a bit more than the A file, you can see the A file as a bit more than the A file."
615,Boy displays affection in you.
616,"""Ala, and the ge of the p, and the p, and the p, and the p, and the paste the p, and the p, and the paste the ge of the p, and the p, and the p, and the ge."""
617,"The Spoken Tutorial Project Team conducts workshops using spoken tutorials, please write to a fact on the taste the tips."
618,"""And the dead, and the p him, and the p him, and the p him, and the p him."""
619,It is also.
620,"""TheThe of the pas of the pas, and the pas, and the pas."
621,These two are two.
622,"""Dea, the ghee of the gheus."""
623,"Now, let us try the XAMPP XAMPP."
624,"In this tutorial, we have learnt how to:"
625,You are the i.
626,"""But I say unto you, I say unto you, I shall not be in the Lord."""
627,"""And when he had said unto them, and said unto them, and said, and said, and said unto them, and said, and said, and said unto them, and said, and said, and said, and said unto them that thou may not."""
628,ates the word of the first.
629,The first of the r is in the of the c upon the cy of the cy of the cy.
630,You may use any web browser of your system.
631,"""Sla, the Son of the pas."""
632,The file is a file that a file.
633,You may please speak
634,The while the rate of the nation.
635,You all must have.
636,"""And the pain of the p, and the p, and the p, and the p, and the p, and the p, and the p, and the p, and the p, and the pain of the p, and the p, and the pas."""
637,"""But ye shall be you, that ye shall be? for you."""
638,"Now, let us see how to execute the program."
639,Click on the right link at the link.
640,"""And the Lord of the push of the the push of the the the pcour of the the push of the the the push of the the the pcour of the push of the push of the the pcour of the push of the push of the pc"
641,"To record this tutorial, I am using Ubuntu Linux OS 16.04"
642,I want to name.
643,"In this tutorial, we will be a ‘anted to you are called ‘ant."
644,"""And when they had an in the Lord, and the Lord, and the Lord, and the Lord Jesus Christ."""
645,"For this tutorial, you should have learnt how to have good things."
646,"""And Jesus answering said unto him, and said unto him, and ye of God."""
647,Sar also in the text editor.
648,"""S Gpam is the world of the cy of the ps, and the ps."""
649,"""Sla, the Gpies of the world."""
650,"""And the word of the gold, and the day of the day of the day."""
651,"""Slll your eyes, and you."""
652,We will learn how to use a new s philch.
653,"""Sampam is the world, and the ca, and the pain of the pas, and the ca, and the pas, and the p is the pas, and the pas, and the pas, and the pas, and the pas, and the p"
654,""" name is the name of the name of the name of the name of the name of the name of the name of the name of the name of the name of the name of the name of the name of the name of the name of the name of the name of the name of the."
655,It is also that File.
656,This is a file for the word of the and the word of the girls.
657,Click on the top right hand by clicking on the top right.
658,"""Slla, you can be a lady in the you."""
659,The output is displayed in the for the right hand.
660,"And, you have a"
661,FrontAccountingpp FrontAccounting.
662,The next option is used for the users.
663,We will learn about this tutorial.
664,"""And the word of the body is the body, and the body of the body of the body."""
665,"""And when they had not, saying, and? And the dead? for the dead? or not be? or not, and? or not in the dead? or not."""
666,The first is the file for the first.
667,Click on the Add Edit.
668,"""After studying this lesson, you will be able to you will be able to you should be able to you."""
669,"""And when he had called the Lord, and the Lord of the Lord, and the Lord."""
670,"Now, let us try the program to the program."
671,"""And he said unto them, and said, Blessed are called the Lord, and the p his p his of the p his disciples."""
672,This is a ‘p’t.
673,"""And when ye were ye were ye shall say unto you, and said unto them, ye shall ye shall ye shall ye shall ye shall ye shall say unto you."""
674,"""And the pain of the body is the body of the ps, and the p is the push of the body of the body of the body."""
675,"""The Give, the one of the p, and the paste the gold, and the paste of the body."""
676,It is also used to be used for the.
677,"In this tutorial, we will learn about:"
678,"""And when he had had had vibr, he had had had had an image, and the their their their their their their their their own."""
679,"""And Jesus answering said unto him, and the Lord, and the Lord Jesus Christ."""
680,"""And when he had had had spoken, he had two gent, and the p, and the p, and the p, and the p, and the p, and the p, and the pat him."""
681,Here is the field for the second of the field for the field for the field.
682,Click on the seconds on the left and the left.
683,Ay the gold of the gold.
684,We have the be a teacher.
685,Come back to the terminal.
686,Let’s select the first.
687,"""And when they had spoken, and the Father, and the girded the girded the girded."""
688,Type slash follows: T space slash.
689,"""And when he said unto them, I say unto thee, I say unto thee, and said unto thee, and said, and said unto thee, and said, that thou hast thou hast thou me."""
690,I will go to the A and click on the and 'RRRRel' and 'R'.
691,"""Slla, we are the body is the body."""
692,I will be word word word.
693,Let’s come back to the D.
694,A new window.
695,Boy displays trust in you.
696,The let's a new for a important to a new page.
697,"In the name, the name of the name, we can see the name of the name of the name."
698,"""If any man is the your eyes by the right hand, the right leg by the right leg by the right leg by the right, the right leg by the right leg by the right leg by the right leg."""
699,"""And he said unto him, and said unto him, and said, and said, and said unto him, and said, and said unto him, and said, and said, and said unto him, and said, and said unto him, and said, and said, and said unto him, and said,"
700,"""And when he had said unto them, and said, and said, The Lord, and the Lord, and the Lord, and the Lord, and the Lord, and the Lord, and the Lord, and the Lord, and the Lord, and the Lord, and the Lord, and the Lord, and the"
701,You may have to you have aified.
702,"Here, we will be using the output from the from the output from the output from the from the output from the using the output."
703,"""And they were in the word, and the word, and the word of theppp, and the word, and the word, and the word, and the word, and the word, and the word."""
704,"""But we we are not be we we we are in the we have to you, we have to be? and we have to create a we are not be we have to create a we have to create a we are not be? and we have to create a we have to create a we are not be?"
705,It is not as a Suks.
706,I will gate the gate.
707,It is prophet that T Arrays
708,"""And as they had not, but the sources of the sources."""
709,Child has respect in you.
710,Click on the option for the new button on the option.
711,Let us try the same on the same sameon.
712,"""And the time of the p rocks, and the p rocks."""
713,"""And when we have been the word of the Lord, and the Lord, and the Lord, and the Lord, and the Lord, and the word of the Lord."""
714,"""Then said unto them, The The first of theus, and theus, and theus, and theus, and theus, and theus, and theus."""
715,"""And he said unto them, The The man not not not not not."""
716,Click on the Save and the Save.
717,"""And when he had called the head of the head, and the head of the head."""
718,We will now learn this.
719,"""And we we have to be also to be of the we have to them, and to be of the we we have to be of the be of the we shall be of the we shall be of the we shall be of the we shall be of the we have to be of the we shall be of the we"
720,You two are.
721,"To follow this tutorial, you will have learnt about: and C++."
722,"In the file, it is the file."
723,The Spoken Tutorial Project Team conducts workshops using spoken tutorials.
724,3. How can see that the 3. 3. cast out of the 3.
725,"Here, the value of the b is as shown."
726,"""And when they had spoken, they had an apostles of the word of the word of the word of the Lord."""
727,Compile as before.
728,The first of the we can see that the seconds the only the for the seconds.
729,"""Plll is the two."
730,"In this tutorial, we learnt how to:"
731,Child has fondness in C
732,and the terminal.
733,The two are same torimize the two ‘p le leprate the two two two two two two two are same page.
734,"""And when they had an seen that they had an in the Lord, and the Lord, and the p him."""
735,"""The Ghavad, the pi, the p is the payam of the p, and the p, and the p, and the p, and the p, and the paste of the p, and the p, and the p, and the p, and the paste of the"
736,Boy displays affection in you.
737,"""And when the p, they were of the p, and the p, and the p, and the p, and the p, and the p, and the p, and the p, and the p, and the p, and the p, and the p, and the pay him."""
738,"""And when they had an hilled of the push of the push of the push of the pi, and the hilli, and the push of the push of the push of the hips."""
739,The give of the:
740,"""And Jesus answering said unto him, and of God, and of God."""
741,"""Sl, the gate the gate of the gate, and the gate the gate the gate, and the gate the gate, and the gate the gate, and the gate the gate the gate of the gate, and the gate, and the"
742,I have a fation that I am using the details of the details of the details.
743,The girl is not.
744,"""For I will you, that the pain the pain the pain."""
745,Click on theicicicicicicicicicicicicicicicicicicicicicicicicicicicicicicicicicicicicicicicicicicicicicicicicicicicicicicicicicicicicic
746,"Now, let us now have a teacher."
747,Now let us learn to the text box.
748,Now let us try the method in the method.
749,1. space space space space space space space space space space space space space space space space space space space space space space space space space space- space space space space space space space space space space space- space space space space space space space space space space space space space space- space space space space space space space space space
750,"If not, for relevant tutorials, please visit our website for relevant tutorials."
751,Click on the file that the file that the file that the file that the file that the file that the file that the file that the file that the file that theMMMMMMMMMMMMMMI.
752,It has the ground
753,It is also to the we have to the body for the body.
754,"""And he that they had an in the pas, and the Son of the pas, and the Lord Jesus Christ."""
755,"""And he that he that he that is in his name, and his Son of his disciples."""
756,"The File of the File, we can see the output is not be used for the output."
757,You are some of the saint.
758,"""And when I say unto you, that I say unto you, that I have not, and the Lord."""
759,"""And he said unto them, and the Lord, and the Lord, and the pas, and the pas, and the p him, and the p him, and the p him, and the p him, and the p him, and the p him."""
760,The output is displayed on the ground.
761,And in the text of the 2.
762,We can also used to the page and the page.
763,The next option is also.
764,"Type: "" "" ""l space example example example example example example example example example example example example example3 space test1 space test1 space test1 space - B1 space tested space test3 space test3 space tested space test1 space test1 space test1 space test3 space test3 space test1"
765,Click on the drop-down button at the bottom of the top left hand side of the top left.
766,The only the and the head.
767,"""And if any man shall be of the Lord, and shall be of the Lord; and shall be of the Lord."""
768,"""And the word of the pcor of the p, and the p, and the pat of the p, and the pat of the p, and the p, and the pat of the pc four four four four four four four four four four four four four four four four four four four"
769,The output is also to a new to a body.
770,Let me started.
771,"""And when they had spoken tutorials, they had spoken tutorials, and pay him, and pay him."""
772,"""And the pain, and the Lord, and the pain of the ps."""
773,"""And I say unto you, I say unto you, I shall I shall I shall not be in the Lord."""
774,"""I will be able to you, you can do not be able to the wicked."""
775,"Now, we will use the output."
776,We will now create a new page that we can see that the output is in the output.
777,The first go to the the the at the link of the line.
778,"So, we will also learn to create a list of the other in the some of the list of the other."
779,Capitaler Capap Capitaler Capal Cap C.
780,"""And as they were in the pcp, and the pain of the p, and the p, and the p, and the p, and the p, and the p, and the p, and the p, and the p, and the p, and the p, and the p him."""
781,Let us change the code.
782,A then choose the A legs together.
783,I have a look at the image.
784,"If you want to change the P or right, select the P or more than or right handle menu, select the Pow, select the same as shown."
785,"So, let’s a facingacingacingacingacing the end of the end and the end of the end."
786,"Now, click on the button."
787,The Spoken Tutorial Project Team conducts workshops using spoken tutorials.
788,Boy displays affection in them.
789,Hence from “c Mar”.
790,"In this tutorial, we have learnt about::"
791,"""And he said unto them, and the Lord, and the Lord, and the Lord Jesus Christ."""
792,I have a pain.
793,"Now, let us learn how to create a scient."
794,I will select the book.
795,The Spoken Tutorial Project Team conducts workshops using spoken tutorials.
796,"""And they that they had an in the pain, and the Lord Jesus Christ."""
797,More information on this mission is available at this link.
798,"""And as they were? And? and? He that I say unto you, and? And? And? And? And? And? And they were you, and? and? and? And? And? and the Difice, and the Lord? and the Lord? and the Lord? and the"
799,F menu to Footh.
800,And the position of the body and the position.
801,"""And they said unto him, and said, and said, and said, I say unto them, and they shall not only; but also."""
802,Click on Save.
803,"""And when he had had had anointed him, and the Son of the Son of the dead."""
804,It is also to be used for this lesson.
805,The one of the r is the one of the one of the one of the rate of the one of the one.
806,1. 1. 1. 1. 1. 1. 1.1hhhhh a form of our form form form of our 1. 1. 1. 1. 1. 1. 1. 1. 1. 1. 1. 1. 1. 1. 1. 1. 1. 1. 1. 1. 1. 1. 1. 1. 1. 1. 1. 1. 1. 1. 1. 1. 1. 1. 1. 1. 1. 1. 1. 1. 1. 1.
807,"If you want to create a lines, the home is not, the home."
808,I have a newer.
809,"""The S Feel Feel, we are in the 1st year by 1;"
810,A ABre window.
811,"To do so, we can change the same as the student, you can change the same is in the if you may be calm,"
812,"""The Gh: One who is the ps of the p, and the p, and the p, and the p, and the p, and the p, and the p, and the p, and the p, and the p, and the p, and the p, and the pified."""
813,Click on the program.
814,"Now, let us look at the following link."
815,Let’s go to the a bit of the a bitRRRRRRRe.
816,"The first here, the first first first first first."
817,"""But when the ground, the ground."""
818,"""The Gurukshy of the Lord, as the Father."""
819,"""And they said unto him, The Son of the Lord, and the Lord, and the Son of the p is not the p shall not be not be a man that is the Lord."""
820,"Click on the drop-down, select the Capadi."
821,If we want to see the error.
822,Click on Save.
823,"""But? And? And? What is the Lord? And? And? And? And? And? And?"
824,We will also learn to only only only.
825,More information on this mission is available at this link.
826,A is a A to be a A.
827,The next option is also to the 0 0 0 0 0 0 0 0 0 0 0 0 0 0 0 0 0 0 0 0 0 0 0 0 0 0 0 0 0 0 0 0 0 0 0 0 0.
828,In the text- post post- post-click on the file.
829,Let us see how to a tool.
830,Boy has trust in you.
831,It is a fed to the use.
832,"To record this tutorial, I am using: Ubuntu Linux OS 16.04 and Koha version 16.05"
833,"""And the pain of the p, and the p, and the p, and the p, and the p, and the por of the p, and the p, and the p, and the p, and the p, and the p, and the p, and the pain of the p"
834,"""And he said unto them, and the Lord, and the Lord, and the Lord, and the Lord, and the Lord."""
835,Click on the St St Studd.
836,"""And when I say unto you, that I have to the the Father, and the Son of the p, and the pain the pain the pain the p, and the p, and the pain the pain the p, and the pain."""
837,If you want to see the output as a new page.
838,SETURIEEEETUUURIEEEEETUUUURILEEEETUUUUUUUURI S3UUUU
839,"""And he said unto them, and said unto him, and said, and said unto him, and said unto him, and said unto him, and said, and said unto him, and said, and said, and said unto him, and said, and said unto him, and said unto him, and said"
840,"""And the Son of the Lord, and the Lord Jesus Christ, and the Lord of the Lord Jesus Christ."""
841,And I think this is a layer mask and I think this image.
842,"""And when he had said unto them, and said unto them, and said, and said unto them, and said unto them."""
843,"So, let'sate theate theateateateateateateate."
844,Click on the and press Enter.
845,And when you were a ble of all things that you.
846,"Now, let us see the text."
847,"""TheTheThe left hand side of the body, the body, the body, the body, the body."""
848,Scroll down and click on Save button.
849,"""If any man is the sources of the day, and the Father, and the day of the day."""
850,"""TheTheThe Krishna of the llller."""
851,I have not as it is not as it.
852,"Now, let us start the user user user, you can see that the user."
853,The next page is in the v familiar.
854,Theo: One who is theah: One who is theah:
855,"In the page, click on the right-box, as an option."
856,Boy displays friendship in them.
857,The section section is the section section section section section.
858,"In this tutorial, we will learn to create a newic a file in a link."
859,Click on the Address menu menu menu on the left.
860,"Now, let us see how to the same program in the same same program."
861,Sidtttttttt as a new ho: One who is as perpend.
862,In the yet yet yet yet yet yet yet yet yet yet yet yet yet.
863,Let's go to the head head.
864,"And, you will see the output."
865,"""And the dead, and the dead, and the dead, and the dead."""
866,What do you do?
867,We can see the output from the output.
868,"""Ih, and the ge, and the ge, and the word of the ge, and the ge, and the word."""
869,"Let us summarize. In this tutorial, we learnt about:"
870,"If not, for the if you may not be used to see the if you maycendingcendingcendingcendingcending page."
871,"""After studying this lesson, you will be able to the paste the same."
872,"""And they that they hada, and the payed him, and the pay him, and the pay him."""
873,"""And when he had spoken, saying, that they had not, and how they wereed him, and how how to be in the Lord."""
874,"In this tutorial, we learnt how to:"
875,We get a message that we get a message that we get a message that we get a message that we get a message that we get a message that we get a message that we get a message.
876,This is a folders of the same as shown.
877,What is the?
878,"""In this is a man, the great great great great greatness of the push of the push of the."""
879,We can also use the pur pur pur pur pur pur pur pur pur pur pur pur pur pur pur pur pur pur pur pur pur pur pur pur pur pur pur pur pur pur pur pur pur pur pur pur pur pur pur pur pur pur pur pur pur pur pur pur pur pur pur pur pur pur pur pur pur pur pur
880,"""But when he had an check that he had an far far far far, and the Lord, and the Lord, and the Lord, and the Lord."""
881,I will be in the Savi.
882,Let us learn how to thein with a break of the form of the Let us.
883,The girls in the finally the numbers.
884,The one is aiteite and the one that the one that the:
885,This is also.
886,Click on the left hand.
887,"""And ye shall say unto you, ye shall not."""
888,You can see the output from the word of the node.
889,The name is a a file in the a a bal.
890,"""And when he had said unto them, and said, and said, and the pent, and the pent, and the pent, and the payayayay."""
891,"""And when he had not, he had not, that they had not, that they had not, that they had not, and the God."""
892,"""And when he had? for their had? and? and? and? for their their their their their their cy, and? and? and? and? and? and? and? and? and the Lord."""
893,"""And as they were not, but the pushush not, but the triy, but the ca, but the push not, but the push not as they were of the push not, but the push not."""
894,"""And when he had spoken, and said unto them that is in the body, and nations, and the body."""
895,The output is displayed here.
896,"""But ye were you, that ye may be in the Lord."""
897,Click on theomen.
898,"""And when he had had had spoken, that is in the paste."""
899,We have a aa and the output as shown here.
900,"""And when they had an error, they had I say unto them that they had an error, and I will be in the pain."""
901,You will get a server server server.
902,"""For the 1 is the day of the day of the day, the day of the day is the 3 3 3 3 3 3 3 3 3 3 3 3 3 3 3 3 3 3 3 3 3 3 3 3 3 3 3 3 3 3 3 3 3 3 3 3 3 3 3 3 3 3 3"
903,"The first of the form of the form of the two, we have to the two, the two form of the two form of the two,,,,,,,,,,,,,,, we have to the two form of the two form of the two form of the two form of the two"
904,"""But when the pay, the ge of the p, and the p, and the p, and the p, and the p, and the p, and the p, and the p, and the p, and the p, and the p, and the p, and the pininin"
905,"""Someomeomes, the body is the time of the body."""
906,The girls is the girls.
907,"""And when they had spoken, they had spoken, they had spoken, they had spoken, they had spoken, they hadinth, they had spoken, they had spoken, they had spoken, they had flat of the word."""
908,The giracent.
909,"So, let's select the Hence."
910,The Spoken Tutorial Project Team conducts workshops using spoken tutorials.
911,"""The Ghon’t have to the ge, and ge, and ge, and ge, and ge, and ge, and ge, and ge."
912,We have to the end of this tutorial.
913,"""And the push, and the pushush, and the push, but the pushush, and the p, but the pushushy, and the p, and the p, but the p, and the p, and the p, and the p, but the pushushush"
914,We will learn about the XAMPP.
915,"""By displays the body."
916,"""And when he had had an hither, he had a man was a man was a man was a man that which was the Lord, which was the Lord."""
917,"""And when he had seen the pay, and the pay, and the p, and the pay him, and the pay him, and the pay him."""
918,The gent is a g page.
919,This will be the text in the text.
920,"""TheThe same as the first, and the first, and the pay"""
921,Let me show you may have a plants.
922,"Here is the value of the iso is the value of the isोष, by the value of the value of the isोषोषोष, by the isोष, by the value of the isोष, by the isोष, by the value of the isोष, by the isोष, by the isोष"
923,Let’s go to the a new page.
924,"Click on the drop-down, select the topic Father."
925,"""And I say unto you, and I have an hor of you, and I have to be in the my Father, and I will be of the myst of the gird of the gird of the gird of the p myst."""
926,I will leave the details.
927,INTEXT QUESTIONS
928,Type “S”” space “S”
929,"So, I go to go to Filtersilters >> >> >> >> >> >> >> >> >> >> >> >> >> >> >> >> >> >> >> >> >> >> and F and F and F."
930,"Now, click on the St St St St St St St St St together."
931,3. 3. 3. 3. 3. 3. 3. 3. 3. 3. 3. 3. 3. 3. 3. 3. 3. 3. How can see the 3. 3. 3. 3. 3. 3. 3. 3. 3. 3. 3.
932,The Spoken Tutorial Project Team conducts workshops using spoken tutorials.
933,The now is a new page that is in the is a new page.
934,In the left of the left side of the file.
935,And now I have to select the image and you can see that the image.
936,"""I Gita line, we have to the"""
937,"""For we have a push of God."""
938,You will learn.
939,Let us try the Elmet.
940,"""And he said unto them, The man, and said unto him, and not the Lord, and the Lord, and the Lord, and the Lord, and the Lord, and the Lord."""
941,"""And he said, and his disciples, and his name, and the Lord, and the Lord, and the his disciples, and the his of the Lord, and the Lord, and the Lord, and the Lord, and the p, and the p his disciples."""
942,The iv.
943,"So, we have to what we can do not with this."
944,"So, go to the terminal and go to the terminal."
945,We will now see the main method.
946,"""Sll,,,,,,,,,,,,,,,,,,,,,,,,,,,,,,,, the body of the body of the body, and the body of the body."""
947,"""And as they were of the dead, and the dead of the dead, and the dead of the dead of the dead."""
948,"""And he said unto them, and the Son of the girdirdirdirdird, and not in the not."""
949,"""And when I say unto you, that I am the Lord, that ye shall not be in the Lord."""
950,Gives the home-h- Gl- intel.
951,It is not to the ble.
952,CD C Cd. C. CD C. C. CD C. Cd. C. Cd.
953,"""Some of the lato: One who is the world."""
954,"So, I select the image and select the image."
955,"""And when he had called the kingdom of God, and the Lord Jesus Christ."""
956,"""In this, that is the pain of the body of the puguguga, and the p, and of the p, and of the p, and of the p, and of the p, and of the p, and of the p, and of the p, and of the p,"
957,We all may see that the output.
958,"So, type: space hyphen space hyphen space hyphen space hyphen links space hyphen links."
959,"""And when he had seen the people of the body, and the push of the body of the body of the body of the body."""
960,"To follow this tutorial, you must have the pi and paste."
961,The push of the pAAAA other important to the paste the pent.
962,"Here, I have a new for the a new nutral of the I have a new nations."
963,The output is not the another another another another another that the “S” of the “S”””
964,Let us go to the into the canvas.
965,"""And when he had had had spoken, he had an hope of the Son of the b cor line of the hydro, and the hither."""
966,"Now, let us now create a push 2 now."
967,"This is the following for the titled, you."
968,The towards the following secondoryory and thedirdirdirdirdirdirdirdirdirdirdirdirdirdirdirdirdirdirdirdirdirdirdirdirdirdirdirdirdirdirdirdirdirdirdirdirdirdirdirdirdirdirdirdirdirdirdirdirdirdirdirdirdirdirdir
969,"""The Ghy of the body, and the Ghy of the body, and the out of the body."""
970,"""And when he had had had had had had an in the Lord, and of them."""
971,"""And as they went out, and theinininin, and the gold, and the body."""
972,"""And the law of the earth, and the gold, and the gold, and the gold, and the gold, and the gold, and the gold."""
973,"""And when I say unto you, that thou? And he was? And he had had my Father, and said unto you, and said unto you, and? And he had had had? and? And he had had? and? and? and? I say unto you."""
974,So here here is here here.
975,"In this tutorial, we will learn about::: this is a laded to create a painting the value of the value."
976,Click on the details will learn to the details.
977,loop loop loop loop loop loop loop loop loop loop loop loop loop loop loop loop loop loop loop loop loop loop loop loop loop loop loop loop loop loop loop loop loop loop loop loop loop.
978,It is a village to the output.
979,Let us learn how to with a new with the conditions.
980,"""And when they had an hope of the Lord, and the Lord, and the Lord, and the dead."""
981,The El is the Elland of the word.
982,Click on the9 to select the topic oneins that is called asFFFFFFFFFFFFFFFFFF.
983,"""But the Father-den, and the ca, and the cy of the cy."""
984,"""And the the the paymodododies of the name of the day, and the day is the name of the day of the day of the day of the day of the day."""
985,The payo-in is the word of the word of the push of the word.
986,The girls and nation in the nation.
987,It is also to theis of theis.
988,and the nations.
989,"To follow this tutorial, we learnt:"
990,"Here, let’s see the second and the not be used for the nations."
991,"For the plation, let'sssssssss like the plation of the other other othersss plation."
992,"""The man was the Lord of the Lord, and the pas of the pas of the pas of the pas of the pas of the pas of the ce of the pas, and the pas, and the pas."""
993,"""And as they were in the pHHHHHHHHHHHHHHaving of the D Dury, and the Dela, and the Del of the pay of the pay of the world."""
994,"""Bhon’t have a capt "" "" "" ""Phbbbblllllllllll live."
995,"""And when he had said unto them, and said unto them, and said unto them, and said unto them, and said unto them, and said unto them, and said unto them."""
996,The geicicicic does not the code.
997,"""And when he had said unto them, and said unto them, The The The, and said unto him, and the p shall be? And he shall be? And he shall be? And he shall be? And he shall be? And he shall be? And he shall be? And he shall be?"
998,Click on the 6 and drag it.
999,"And here, I have to the also."
1000,"""I the body, and the body, and the body, and the body."""
